INSERT INTO Users (userId, userPassword, firstName, lastName, address, city, state, zipcode,
					telephone, email, accountCreated, creditCard, purchaseRating)
                       VALUES
                       (100001, "5b87855a6695d09f25630ad287b228de7e83b0a7969ca3f8666f3d8a8dc11ffa", "Michael", "Collins", "123 South Dr", "Washington",
                       "DC", "12345", "228807080", "Michael.Collins@cse305.stonybrook.edu", '2016-04-25 10:25:32', "900001", 0);

INSERT INTO Preferences VALUES (100001, "Slacklining"), (100001, "Skateboarding"),
								(100001, "Surfing"), (100001, "Orienteering"),
                                (100001, "Water sports");
                                
INSERT INTO Users (userId, userPassword, firstName, lastName, address, city, state, zipcode,
					telephone, email, accountCreated, creditCard, purchaseRating)
                       VALUES
                       (100002, "535b54f0e64a545dd7c69dcf63343524d5a6ea4d6fd77e70e1e5100db5c2de25", "Aria", "Rose", "124 South Dr", "New York",
                       "NY", "10001", "263303749", "Aria.Rose@cse305.stonybrook.edu", '2016-04-26 10:25:32', "900002", 0);

INSERT INTO Preferences VALUES (100002, "Topiary"), (100002, "Jogging");

INSERT INTO Users (userId, userPassword, firstName, lastName, address, city, state, zipcode,
					telephone, email, accountCreated, creditCard, purchaseRating)
                       VALUES
                       (100003, "33c88b41b26b5aa00fb60f95ff8cb7bbf1ba30a5ace820aa60cb21e275e614bd", "Jase", "Black", "124 South Dr", "Washington",
                       "DC", "12345", "917443776", "Jase.Black@cse305.stonybrook.edu", '2016-04-27 10:25:32', "900003", 0);

INSERT INTO Preferences VALUES (100003, "Rugby"), (100003, "Roller skating"),
								(100003, "Life insurance"), (100003, "Rock climbing"),
                                (100003, "Scouting");

INSERT INTO Users (userId, userPassword, firstName, lastName, address, city, state, zipcode,
					telephone, email, accountCreated, creditCard, purchaseRating)
                       VALUES
                       (100004, "67fec1ef82a487dd70db4439d5ad16083d9eb517c72d3806a9d3869871cb8ae8", "Ellie", "Franklin", "112 Test St", "Stony Brook",
                       "NY", "11794", "381870672", "Ellie.Franklin@cse305.stonybrook.edu", '2016-04-28 10:25:32', "900004", 0);

INSERT INTO Preferences VALUES (100004, "Cars"), (100004, "Skydiving"),
								(100004, "Bird watching"), (100004, "Sailing"),
                                (100004, "Shopping"), (100004, "Skimboarding"),
                                (100004, "Kayaking"), (100003, "Camping"),
                                (100004, "Blacksmithing");
                                
INSERT INTO Users (userId, userPassword, firstName, lastName, address, city, state, zipcode,
					telephone, email, accountCreated, creditCard, purchaseRating)
                       VALUES
                       (100005, "b1202915e8752b8c8cad8696e7118266e8684fa2dfb6d45fc1e0c786a1cbe165", "Mackenzie", "Wells", "112 Test St", "New York",
                       "NY", "10001", "736594241", "Mackenzie.Wells@cse305.stonybrook.edu", '2016-04-29 10:25:32', "900005", 0);

INSERT INTO Preferences VALUES (100005, "Hunting"), (100005, "Topiary"),
								(100005, "Nordic skating"), (100005, "Foraging"),
                                (100005, "Metal detecting"), (100005, "Camping"),
                                (100005, "Astronomy"), (100005, "Camping"),
                                (100005, "Blacksmithing");
                                
INSERT INTO Users (userId, userPassword, firstName, lastName, address, city, state, zipcode,
					telephone, email, accountCreated, creditCard, purchaseRating)
                       VALUES
                       (100006, "01b3659a71831c80f70e669b89438a4d070fdd93b3cebb2584e23ec5494c1b43", "Cameron", "Armstrong", "112 1st St", "New York",
                       "NY", "10001", "182209299", "Cameron.Armstrong@cse305.stonybrook.edu", '2016-04-29 09:13:12', "900006", 0);

INSERT INTO Preferences VALUES (100006, "Skydiving"), (100006, "Topiary"),
								(100006, "Scuba diving"), (100006, "Sailing"),
                                (100006, "Beekeeping"), (100006, "Tai chi"),
                                (100006, "Brazilian jiu-jitsu"), (100006, "Astronomy"),
                                (100006, "Jogging");
                                
INSERT INTO Users (userId, userPassword, firstName, lastName, address, city, state, zipcode,
					telephone, email, accountCreated, creditCard, purchaseRating)
                       VALUES
                       (100007, "29ef7dd142b1da220ce4388c9f90531509f8bc361daa2fa6d132607643b58ca2", "Levi", "Ross", "100 Circle Rd", "Stony Brook",
                       "NY", "11794", "127536938", "Levi.Ross@cse305.stonybrook.edu", '2016-06-02 08:16:02', "900007", 0);

INSERT INTO Preferences VALUES (100007, "Urban exploration"), (100007, "Freestyle football");
 
INSERT INTO Users (userId, userPassword, firstName, lastName, address, city, state, zipcode,
					telephone, email, accountCreated, creditCard, purchaseRating)
                       VALUES
                       (100008, "56357291930b4b03840782d49b2264ab3978286b261d3f5f7fea3b9d39f17c2c", "Levi", "West", "112 2nd St", "New York",
                       "NY", "10001", "699136094", "Levi.West@cse305.stonybrook.edu", '2016-06-03 14:26:34', "900008", 0);

INSERT INTO Preferences VALUES (100008, "BASE jumping"), (100008, "Letterboxing"),
								(100008, "Roller skating"), (100008, "Metal detecting"),
                                (100008, "Swimming"), (100008, "Mountaineering"),
                                (100008, "Sculling or Rowing"), (100008, "Basketball"),
                                (100008, "Surfing");

INSERT INTO Users (userId, userPassword, firstName, lastName, address, city, state, zipcode,
					telephone, email, accountCreated, creditCard, purchaseRating)
                       VALUES
                       (100009, "d2f30420cdf1f72043ab251ed7b1d6a63370bef2274b67cd1a084d51d4e42a4a", "Christian", "Davies", "123 Square St", "Stony Brook",
                       "NY", "11794", "364390765", "Christian.Davies@cse305.stonybrook.edu", '2016-06-03 18:54:24', "900009", 0);

INSERT INTO Preferences VALUES (100009, "BASE jumping"), (100009, "Driving"),
								(100009, "Mountaineering");

INSERT INTO Users (userId, userPassword, firstName, lastName, address, city, state, zipcode,
					telephone, email, accountCreated, creditCard, purchaseRating)
                       VALUES
                       (100010, "48b855e508a7534e5b7d0071a4d53ec7b8cd5a5ba0a8ddef3af9c554a6bb3e10", "Kylie", "Davies", "112 2nd St", "New York",
                       "NY", "10001", "562348521", "Kylie.Davies@cse305.stonybrook.edu", '2016-06-09 12:26:34', "900010", 0);

INSERT INTO Preferences VALUES (100010, "Toys"), (100010, "Graffiti"),
								(100010, "Skiing"), (100010, "Road biking"),
                                (100010, "Kayaking");
                                
INSERT INTO Users (userId, userPassword, firstName, lastName, address, city, state, zipcode,
					telephone, email, accountCreated, creditCard, purchaseRating)
                       VALUES
                       (100011, "93098a00bb51842bea6236290bc321af737bf33f383c681892c3d0ebe20f2873", "Tyler", "Long", "123 Square St", "Stony Brook",
                       "NY", "11794", "306139234", "Tyler.Long@cse305.stonybrook.edu", '2016-06-10 13:05:24', "900011", 0);

INSERT INTO Preferences VALUES (100011, "Topiary"), (100011, "Basketball");

INSERT INTO Users (userId, userPassword, firstName, lastName, address, city, state, zipcode,
					telephone, email, accountCreated, creditCard, purchaseRating)
                       VALUES
                       (100012, "98a5c1ad1f94dbf357c0169ec0fe8be54efb5ee2706af9980f52ab1b578bc686", "Henry", "Stewart", "127 South Dr", "Washington",
                       "DC", "12345", "503422119", "Henry.Stewart@cse305.stonybrook.edu", '2016-06-14 03:03:03', "900012", 0);

INSERT INTO Preferences VALUES (100012, "Roller skating"), (100012, "Netball"),
								(100012, "Flag football"), (100012, "Water sports");

INSERT INTO Users (userId, userPassword, firstName, lastName, address, city, state, zipcode,
					telephone, email, accountCreated, creditCard, purchaseRating)
                       VALUES
                       (100013, "93f58e2de14dc55c60408f15faf53b2e469b00715bd98269b4a8531113f14914", "Isaiah", "Bennett", "127 South Dr", "Washington",
                       "DC", "12345", "929342276", "Isaiah.Bennett@cse305.stonybrook.edu", '2016-06-14 03:05:22', "900013", 0);

INSERT INTO Preferences VALUES (100013, "Walking"), (100013, "Baseball"),
								(100013, "Scuba diving"), (100013, "Running"),
								(100013, "Shopping");

INSERT INTO Users (userId, userPassword, firstName, lastName, address, city, state, zipcode,
					telephone, email, accountCreated, creditCard, purchaseRating)
                       VALUES
                       (100014, "123035b312e4391974636c02e466c17fdf5d9c280dff887c3b703f1b5304f9dc", "Arianna", "Dunn", "23 32nd St", "New York",
                       "NY", "10001", "311083148", "Arianna.Dunn@cse305.stonybrook.edu", '2016-06-15 13:05:24', "900014", 0);

INSERT INTO Preferences VALUES (100014, "Shooting"), (100014, "Ghost hunting"),
								(100014, "Horseback riding"), (100014, "Netball"),
								(100014, "Astronomy");

INSERT INTO Users (userId, userPassword, firstName, lastName, address, city, state, zipcode,
					telephone, email, accountCreated, creditCard, purchaseRating)
                       VALUES
                       (100015, "ad632373d04d3169371f2292006c18a09488894a3df8543cc5ec410f4a3df9a7", "Victoria", "Powell", "23 32nd St", "New York",
                       "NY", "10001", "854902993", "Victoria.Powell@cse305.stonybrook.edu", '2016-06-15 14:53:24', "900015", 0);

INSERT INTO Preferences VALUES (100015, "LARPing"), (100015, "Walking"),
								(100015, "Slacklining"), (100015, "Foraging"),
								(100015, "Rock climbing"), (100015, "Taekwondo"),
                                (100015, "Inline skating");

INSERT INTO Users (userId, userPassword, firstName, lastName, address, city, state, zipcode,
					telephone, email, accountCreated, creditCard, purchaseRating)
                       VALUES
                       (100016, "12714a22d9951b3ae93645e30be563d5df7adb444e3493f9299adbc33e280de1", "Blakely", "Alexander", "33 Red Rd", "Washington",
                       "DC", "12345", "140361398", "Blakely.Alexander@cse305.stonybrook.edu", '2016-06-24 08:01:01', "900016", 0);

INSERT INTO Preferences VALUES (100016, "Hooping"), (100016, "Bird watching"),
								(100016, "Shooting"), (100016, "Board sports"),
								(100016, "Graffiti"), (100016, "Sculling or rowing");

INSERT INTO Users (userId, userPassword, firstName, lastName, address, city, state, zipcode,
					telephone, email, accountCreated, creditCard, purchaseRating)
                       VALUES
                       (100017, "65d59428070b5efe5348c7ffaa53bdab1e07feeb0506e1d4feb248316e132196", "Connor", "Collins", "123 32nd St", "New York",
                       "NY", "10001", "282433780", "Connor.Collins@cse305.stonybrook.edu", '2016-06-27 13:05:24', "900017", 0);

INSERT INTO Preferences VALUES (100017, "Rugby"), (100017, "Skiing"),
								(100017, "Snowboarding"), (100017, "Rock climbing"),
								(100017, "Swimming"), (100017, "Skimboarding"),
                                (100017, "Scouting");

INSERT INTO Users (userId, userPassword, firstName, lastName, address, city, state, zipcode,
					telephone, email, accountCreated, creditCard, purchaseRating)
                       VALUES
                       (100018, "70e5285aa7f87bd9e93b0988676a047b9770a33216fc34534591ac3b48bcbc36", "Jeremiah", "Miller", "23 22nd St", "New York",
                       "NY", "10001", "533130991", "Jeremiah.Miller@cse305.stonybrook.edu", '2016-07-03 22:22:22', "900018", 0);

INSERT INTO Preferences VALUES (100018, "Urban exploration"), (100018, "Roller skating"),
								(100018, "Bird watching"), (100018, "Skiing"),
								(100018, "Kayaking"), (100018, "Mushroom hunting/Mycology");

INSERT INTO Users (userId, userPassword, firstName, lastName, address, city, state, zipcode,
					telephone, email, accountCreated, creditCard, purchaseRating)
                       VALUES
                       (100019, "46e9894389318f3b9f998dea4f2377f997708e5a559e2d2a5e347fee625c6d0f", "Riley", "Field", "22 Some Rd", "New York",
                       "NY", "10001", "477174572", "Riley.Field@cse305.stonybrook.edu", '2016-07-04 06:14:35', "900019", 0);

INSERT INTO Preferences VALUES (100019, "Photography"), (100019, "LARPing"),
								(100019, "Shooting"), (100019, "Archery"),
								(100019, "Kayaking"), (100019, "Fishing"),
                                (100019, "Astronomy");

INSERT INTO Users (userId, userPassword, firstName, lastName, address, city, state, zipcode,
					telephone, email, accountCreated, creditCard, purchaseRating)
                       VALUES
                       (100020, "fae72f66bc29394f3801fce0bc7ab678b6ac5b45dce806fab1468800f2b23b52", "Lucy", "Phillips", "22 Some Rd", "New York",
                       "NY", "10001", "10001", "Lucy.Phillips@cse305.stonybrook.edu", '2016-07-04 06:15:35', "900020", 0);

INSERT INTO Preferences VALUES (100020, "Parkour"), (100020, "Rock climbing"),
								(100020, "Handball"), (100020, "Surfing");

INSERT INTO Groups VALUES   (200001, "My Friends", "Friends", 100001),
							(200002, "Best Friends", "Friends", 100002),
                            (200003, "StonyBrookGang", "Friends", 100003),
                            (200004, "CS Folks", "Friends", 100004),
                            (200005, "My Family", "Friends", 100005),
                            (200006, "Microsoft Groupies", "Friends", 100006);